frame_idx,time_s,label,path
0,0.0000,0,ch0/00000.png
1,0.0333,0,ch0/00001.png
2,0.0667,0,ch0/00002.png
3,0.1000,0,ch0/00003.png
4,0.1333,0,ch0/00004.png
5,0.1667,0,ch0/00005.png
6,0.2000,0,ch0/00006.png
7,0.2333,0,ch0/00007.png
8,0.2667,0,ch0/00008.png
9,0.3000,0,ch0/00009.png
10,0.3333,0,ch0/00010.png
11,0.3667,0,ch0/00011.png
12,0.4000,0,ch0/00012.png
13,0.4333,0,ch0/00013.png
14,0.4667,0,ch0/00014.png
15,0.5000,0,ch0/00015.png
16,0.5333,0,ch0/00016.png
17,0.5667,0,ch0/00017.png
18,0.6000,0,ch0/00018.png
19,0.6333,0,ch0/00019.png
20,0.6667,0,ch0/00020.png
21,0.7000,0,ch0/00021.png
22,0.7333,0,ch0/00022.png
23,0.7667,0,ch0/00023.png
24,0.8000,0,ch0/00024.png
25,0.8333,0,ch0/00025.png
26,0.8667,0,ch0/00026.png
27,0.9000,0,ch0/00027.png
28,0.9333,0,ch0/00028.png
29,0.9667,0,ch0/00029.png
30,1.0000,0,ch0/00030.png
31,1.0333,0,ch0/00031.png
32,1.0667,0,ch0/00032.png
33,1.1000,0,ch0/00033.png
34,1.1333,0,ch0/00034.png
35,1.1667,0,ch0/00035.png
36,1.2000,0,ch0/00036.png
37,1.2333,0,ch0/00037.png
38,1.2667,0,ch0/00038.png
39,1.3000,0,ch0/00039.png
40,1.3333,0,ch0/00040.png
41,1.3667,0,ch0/00041.png
42,1.4000,0,ch0/00042.png
43,1.4333,0,ch0/00043.png
44,1.4667,0,ch0/00044.png
45,1.5000,0,ch0/00045.png
46,1.5333,0,ch0/00046.png
47,1.5667,0,ch0/00047.png
48,1.6000,0,ch0/00048.png
49,1.6333,0,ch0/00049.png
50,1.6667,0,ch0/00050.png
51,1.7000,0,ch0/00051.png
52,1.7333,0,ch0/00052.png
53,1.7667,0,ch0/00053.png
54,1.8000,0,ch0/00054.png
55,1.8333,0,ch0/00055.png
56,1.8667,0,ch0/00056.png
57,1.9000,0,ch0/00057.png
58,1.9333,0,ch0/00058.png
59,1.9667,0,ch0/00059.png
60,2.0000,0,ch0/00060.png
61,2.0333,0,ch0/00061.png
62,2.0667,0,ch0/00062.png
63,2.1000,0,ch0/00063.png
64,2.1333,0,ch0/00064.png
65,2.1667,0,ch0/00065.png
66,2.2000,0,ch0/00066.png
67,2.2333,0,ch0/00067.png
68,2.2667,0,ch0/00068.png
69,2.3000,0,ch0/00069.png
70,2.3333,0,ch0/00070.png
71,2.3667,0,ch0/00071.png
72,2.4000,0,ch0/00072.png
73,2.4333,0,ch0/00073.png
74,2.4667,0,ch0/00074.png
75,2.5000,0,ch0/00075.png
76,2.5333,0,ch0/00076.png
77,2.5667,0,ch0/00077.png
78,2.6000,0,ch0/00078.png
79,2.6333,0,ch0/00079.png
80,2.6667,0,ch0/00080.png
81,2.7000,0,ch0/00081.png
82,2.7333,0,ch0/00082.png
83,2.7667,0,ch0/00083.png
84,2.8000,0,ch0/00084.png
85,2.8333,0,ch0/00085.png
86,2.8667,0,ch0/00086.png
87,2.9000,0,ch0/00087.png
88,2.9333,0,ch0/00088.png
89,2.9667,0,ch0/00089.png
90,3.0000,0,ch0/00090.png
91,3.0333,0,ch0/00091.png
92,3.0667,0,ch0/00092.png
93,3.1000,0,ch0/00093.png
94,3.1333,0,ch0/00094.png
95,3.1667,0,ch0/00095.png
96,3.2000,0,ch0/00096.png
97,3.2333,0,ch0/00097.png
98,3.2667,0,ch0/00098.png
99,3.3000,0,ch0/00099.png
100,3.3333,0,ch0/00100.png
101,3.3667,0,ch0/00101.png
102,3.4000,0,ch0/00102.png
103,3.4333,0,ch0/00103.png
104,3.4667,0,ch0/00104.png
105,3.5000,0,ch0/00105.png
106,3.5333,0,ch0/00106.png
107,3.5667,0,ch0/00107.png
108,3.6000,0,ch0/00108.png
109,3.6333,0,ch0/00109.png
110,3.6667,0,ch0/00110.png
111,3.7000,0,ch0/00111.png
112,3.7333,0,ch0/00112.png
113,3.7667,0,ch0/00113.png
114,3.8000,0,ch0/00114.png
115,3.8333,0,ch0/00115.png
116,3.8667,0,ch0/00116.png
117,3.9000,0,ch0/00117.png
118,3.9333,0,ch0/00118.png
119,3.9667,0,ch0/00119.png
120,4.0000,0,ch0/00120.png
121,4.0333,0,ch0/00121.png
122,4.0667,0,ch0/00122.png
123,4.1000,0,ch0/00123.png
124,4.1333,0,ch0/00124.png
125,4.1667,0,ch0/00125.png
126,4.2000,0,ch0/00126.png
127,4.2333,0,ch0/00127.png
128,4.2667,0,ch0/00128.png
129,4.3000,0,ch0/00129.png
130,4.3333,0,ch0/00130.png
131,4.3667,0,ch0/00131.png
132,4.4000,0,ch0/00132.png
133,4.4333,0,ch0/00133.png
134,4.4667,0,ch0/00134.png
135,4.5000,0,ch0/00135.png
136,4.5333,0,ch0/00136.png
137,4.5667,0,ch0/00137.png
138,4.6000,0,ch0/00138.png
139,4.6333,0,ch0/00139.png
140,4.6667,0,ch0/00140.png
141,4.7000,0,ch0/00141.png
142,4.7333,0,ch0/00142.png
143,4.7667,0,ch0/00143.png
144,4.8000,0,ch0/00144.png
145,4.8333,0,ch0/00145.png
146,4.8667,0,ch0/00146.png
147,4.9000,0,ch0/00147.png
148,4.9333,0,ch0/00148.png
149,4.9667,0,ch0/00149.png
150,5.0000,0,ch0/00150.png
151,5.0333,0,ch0/00151.png
152,5.0667,0,ch0/00152.png
153,5.1000,0,ch0/00153.png
154,5.1333,0,ch0/00154.png
155,5.1667,0,ch0/00155.png
156,5.2000,0,ch0/00156.png
157,5.2333,0,ch0/00157.png
158,5.2667,0,ch0/00158.png
159,5.3000,0,ch0/00159.png
160,5.3333,0,ch0/00160.png
161,5.3667,0,ch0/00161.png
162,5.4000,0,ch0/00162.png
163,5.4333,0,ch0/00163.png
164,5.4667,0,ch0/00164.png
165,5.5000,0,ch0/00165.png
166,5.5333,0,ch0/00166.png
167,5.5667,0,ch0/00167.png
168,5.6000,0,ch0/00168.png
169,5.6333,0,ch0/00169.png
170,5.6667,0,ch0/00170.png
171,5.7000,0,ch0/00171.png
172,5.7333,0,ch0/00172.png
173,5.7667,0,ch0/00173.png
174,5.8000,0,ch0/00174.png
175,5.8333,0,ch0/00175.png
176,5.8667,0,ch0/00176.png
177,5.9000,0,ch0/00177.png
178,5.9333,0,ch0/00178.png
179,5.9667,0,ch0/00179.png
180,6.0000,0,ch0/00180.png
181,6.0333,0,ch0/00181.png
182,6.0667,0,ch0/00182.png
183,6.1000,0,ch0/00183.png
184,6.1333,0,ch0/00184.png
185,6.1667,0,ch0/00185.png
186,6.2000,0,ch0/00186.png
187,6.2333,0,ch0/00187.png
188,6.2667,0,ch0/00188.png
189,6.3000,0,ch0/00189.png
190,6.3333,0,ch0/00190.png
191,6.3667,0,ch0/00191.png
192,6.4000,0,ch0/00192.png
193,6.4333,0,ch0/00193.png
194,6.4667,0,ch0/00194.png
195,6.5000,0,ch0/00195.png
196,6.5333,0,ch0/00196.png
197,6.5667,0,ch0/00197.png
198,6.6000,0,ch0/00198.png
199,6.6333,0,ch0/00199.png
200,6.6667,0,ch0/00200.png
201,6.7000,0,ch0/00201.png
202,6.7333,0,ch0/00202.png
203,6.7667,0,ch0/00203.png
204,6.8000,0,ch0/00204.png
205,6.8333,0,ch0/00205.png
206,6.8667,0,ch0/00206.png
207,6.9000,0,ch0/00207.png
208,6.9333,0,ch0/00208.png
209,6.9667,0,ch0/00209.png
210,7.0000,0,ch0/00210.png
211,7.0333,0,ch0/00211.png
212,7.0667,0,ch0/00212.png
213,7.1000,0,ch0/00213.png
214,7.1333,0,ch0/00214.png
215,7.1667,0,ch0/00215.png
216,7.2000,0,ch0/00216.png
217,7.2333,0,ch0/00217.png
218,7.2667,0,ch0/00218.png
219,7.3000,0,ch0/00219.png
220,7.3333,0,ch0/00220.png
221,7.3667,0,ch0/00221.png
222,7.4000,0,ch0/00222.png
223,7.4333,0,ch0/00223.png
224,7.4667,0,ch0/00224.png
225,7.5000,0,ch0/00225.png
226,7.5333,0,ch0/00226.png
227,7.5667,0,ch0/00227.png
228,7.6000,0,ch0/00228.png
229,7.6333,0,ch0/00229.png
230,7.6667,0,ch0/00230.png
231,7.7000,0,ch0/00231.png
232,7.7333,0,ch0/00232.png
233,7.7667,0,ch0/00233.png
234,7.8000,0,ch0/00234.png
235,7.8333,0,ch0/00235.png
236,7.8667,0,ch0/00236.png
237,7.9000,0,ch0/00237.png
238,7.9333,0,ch0/00238.png
239,7.9667,0,ch0/00239.png
240,8.0000,0,ch0/00240.png
241,8.0333,0,ch0/00241.png
242,8.0667,0,ch0/00242.png
243,8.1000,0,ch0/00243.png
244,8.1333,0,ch0/00244.png
245,8.1667,0,ch0/00245.png
246,8.2000,0,ch0/00246.png
247,8.2333,0,ch0/00247.png
248,8.2667,0,ch0/00248.png
249,8.3000,0,ch0/00249.png
250,8.3333,0,ch0/00250.png
251,8.3667,0,ch0/00251.png
252,8.4000,0,ch0/00252.png
253,8.4333,0,ch0/00253.png
254,8.4667,0,ch0/00254.png
255,8.5000,0,ch0/00255.png
256,8.5333,0,ch0/00256.png
257,8.5667,0,ch0/00257.png
258,8.6000,0,ch0/00258.png
259,8.6333,0,ch0/00259.png
260,8.6667,0,ch0/00260.png
261,8.7000,0,ch0/00261.png
262,8.7333,0,ch0/00262.png
263,8.7667,0,ch0/00263.png
264,8.8000,0,ch0/00264.png
265,8.8333,0,ch0/00265.png
266,8.8667,0,ch0/00266.png
267,8.9000,0,ch0/00267.png
268,8.9333,0,ch0/00268.png
269,8.9667,0,ch0/00269.png
270,9.0000,-1,ch0/00270.png
271,9.0333,-1,ch0/00271.png
272,9.0667,-1,ch0/00272.png
273,9.1000,-1,ch0/00273.png
274,9.1333,-1,ch0/00274.png
275,9.1667,-1,ch0/00275.png
276,9.2000,-1,ch0/00276.png
277,9.2333,-1,ch0/00277.png
278,9.2667,-1,ch0/00278.png
279,9.3000,-1,ch0/00279.png
280,9.3333,-1,ch0/00280.png
281,9.3667,-1,ch0/00281.png
282,9.4000,-1,ch0/00282.png
283,9.4333,-1,ch0/00283.png
284,9.4667,-1,ch0/00284.png
285,9.5000,-1,ch0/00285.png
286,9.5333,-1,ch0/00286.png
287,9.5667,-1,ch0/00287.png
288,9.6000,-1,ch0/00288.png
289,9.6333,-1,ch0/00289.png
290,9.6667,-1,ch0/00290.png
291,9.7000,-1,ch0/00291.png
292,9.7333,-1,ch0/00292.png
293,9.7667,-1,ch0/00293.png
294,9.8000,-1,ch0/00294.png
295,9.8333,-1,ch0/00295.png
296,9.8667,-1,ch0/00296.png
297,9.9000,-1,ch0/00297.png
298,9.9333,-1,ch0/00298.png
299,9.9667,-1,ch0/00299.png
300,10.0000,-1,ch0/00300.png
301,10.0333,-1,ch0/00301.png
302,10.0667,-1,ch0/00302.png
303,10.1000,-1,ch0/00303.png
304,10.1333,-1,ch0/00304.png
305,10.1667,-1,ch0/00305.png
306,10.2000,-1,ch0/00306.png
307,10.2333,-1,ch0/00307.png
308,10.2667,-1,ch0/00308.png
309,10.3000,-1,ch0/00309.png
310,10.3333,-1,ch0/00310.png
311,10.3667,-1,ch0/00311.png
312,10.4000,-1,ch0/00312.png
313,10.4333,-1,ch0/00313.png
314,10.4667,-1,ch0/00314.png
315,10.5000,-1,ch0/00315.png
316,10.5333,-1,ch0/00316.png
317,10.5667,-1,ch0/00317.png
318,10.6000,-1,ch0/00318.png
319,10.6333,-1,ch0/00319.png
320,10.6667,-1,ch0/00320.png
321,10.7000,-1,ch0/00321.png
322,10.7333,-1,ch0/00322.png
323,10.7667,-1,ch0/00323.png
324,10.8000,-1,ch0/00324.png
325,10.8333,-1,ch0/00325.png
326,10.8667,-1,ch0/00326.png
327,10.9000,-1,ch0/00327.png
328,10.9333,-1,ch0/00328.png
329,10.9667,-1,ch0/00329.png
330,11.0000,-1,ch0/00330.png
331,11.0333,-1,ch0/00331.png
332,11.0667,-1,ch0/00332.png
333,11.1000,-1,ch0/00333.png
334,11.1333,-1,ch0/00334.png
335,11.1667,-1,ch0/00335.png
336,11.2000,-1,ch0/00336.png
337,11.2333,-1,ch0/00337.png
338,11.2667,-1,ch0/00338.png
339,11.3000,-1,ch0/00339.png
340,11.3333,-1,ch0/00340.png
341,11.3667,-1,ch0/00341.png
342,11.4000,-1,ch0/00342.png
343,11.4333,-1,ch0/00343.png
344,11.4667,-1,ch0/00344.png
345,11.5000,-1,ch0/00345.png
346,11.5333,-1,ch0/00346.png
347,11.5667,-1,ch0/00347.png
348,11.6000,-1,ch0/00348.png
349,11.6333,-1,ch0/00349.png
350,11.6667,-1,ch0/00350.png
351,11.7000,-1,ch0/00351.png
352,11.7333,-1,ch0/00352.png
353,11.7667,-1,ch0/00353.png
354,11.8000,-1,ch0/00354.png
355,11.8333,-1,ch0/00355.png
356,11.8667,-1,ch0/00356.png
357,11.9000,-1,ch0/00357.png
358,11.9333,-1,ch0/00358.png
359,11.9667,-1,ch0/00359.png
360,12.0000,-1,ch0/00360.png
361,12.0333,-1,ch0/00361.png
362,12.0667,-1,ch0/00362.png
363,12.1000,-1,ch0/00363.png
364,12.1333,-1,ch0/00364.png
365,12.1667,-1,ch0/00365.png
366,12.2000,-1,ch0/00366.png
367,12.2333,-1,ch0/00367.png
368,12.2667,-1,ch0/00368.png
369,12.3000,-1,ch0/00369.png
370,12.3333,-1,ch0/00370.png
371,12.3667,-1,ch0/00371.png
372,12.4000,-1,ch0/00372.png
373,12.4333,-1,ch0/00373.png
374,12.4667,-1,ch0/00374.png
375,12.5000,-1,ch0/00375.png
376,12.5333,-1,ch0/00376.png
377,12.5667,-1,ch0/00377.png
378,12.6000,-1,ch0/00378.png
379,12.6333,-1,ch0/00379.png
380,12.6667,-1,ch0/00380.png
381,12.7000,-1,ch0/00381.png
382,12.7333,-1,ch0/00382.png
383,12.7667,-1,ch0/00383.png
384,12.8000,-1,ch0/00384.png
385,12.8333,-1,ch0/00385.png
386,12.8667,-1,ch0/00386.png
387,12.9000,-1,ch0/00387.png
388,12.9333,-1,ch0/00388.png
389,12.9667,-1,ch0/00389.png
390,13.0000,-1,ch0/00390.png
391,13.0333,-1,ch0/00391.png
392,13.0667,-1,ch0/00392.png
393,13.1000,-1,ch0/00393.png
394,13.1333,-1,ch0/00394.png
395,13.1667,-1,ch0/00395.png
396,13.2000,-1,ch0/00396.png
397,13.2333,-1,ch0/00397.png
398,13.2667,-1,ch0/00398.png
399,13.3000,-1,ch0/00399.png
400,13.3333,-1,ch0/00400.png
401,13.3667,-1,ch0/00401.png
402,13.4000,-1,ch0/00402.png
403,13.4333,-1,ch0/00403.png
404,13.4667,-1,ch0/00404.png
405,13.5000,-1,ch0/00405.png
406,13.5333,-1,ch0/00406.png
407,13.5667,-1,ch0/00407.png
408,13.6000,-1,ch0/00408.png
409,13.6333,-1,ch0/00409.png
410,13.6667,-1,ch0/00410.png
411,13.7000,-1,ch0/00411.png
412,13.7333,-1,ch0/00412.png
413,13.7667,-1,ch0/00413.png
414,13.8000,-1,ch0/00414.png
415,13.8333,-1,ch0/00415.png
416,13.8667,-1,ch0/00416.png
417,13.9000,-1,ch0/00417.png
418,13.9333,-1,ch0/00418.png
419,13.9667,-1,ch0/00419.png
420,14.0000,-1,ch0/00420.png
421,14.0333,-1,ch0/00421.png
422,14.0667,-1,ch0/00422.png
423,14.1000,-1,ch0/00423.png
424,14.1333,-1,ch0/00424.png
425,14.1667,-1,ch0/00425.png
426,14.2000,-1,ch0/00426.png
427,14.2333,-1,ch0/00427.png
428,14.2667,-1,ch0/00428.png
429,14.3000,-1,ch0/00429.png
430,14.3333,-1,ch0/00430.png
431,14.3667,-1,ch0/00431.png
432,14.4000,-1,ch0/00432.png
433,14.4333,-1,ch0/00433.png
434,14.4667,-1,ch0/00434.png
435,14.5000,-1,ch0/00435.png
436,14.5333,-1,ch0/00436.png
437,14.5667,-1,ch0/00437.png
438,14.6000,-1,ch0/00438.png
439,14.6333,-1,ch0/00439.png
440,14.6667,-1,ch0/00440.png
441,14.7000,-1,ch0/00441.png
442,14.7333,-1,ch0/00442.png
443,14.7667,-1,ch0/00443.png
444,14.8000,-1,ch0/00444.png
445,14.8333,-1,ch0/00445.png
446,14.8667,-1,ch0/00446.png
447,14.9000,-1,ch0/00447.png
448,14.9333,-1,ch0/00448.png
449,14.9667,-1,ch0/00449.png
450,15.0000,-1,ch0/00450.png
451,15.0333,-1,ch0/00451.png
452,15.0667,-1,ch0/00452.png
453,15.1000,-1,ch0/00453.png
454,15.1333,-1,ch0/00454.png
455,15.1667,-1,ch0/00455.png
456,15.2000,-1,ch0/00456.png
457,15.2333,-1,ch0/00457.png
458,15.2667,-1,ch0/00458.png
459,15.3000,-1,ch0/00459.png
460,15.3333,-1,ch0/00460.png
461,15.3667,-1,ch0/00461.png
462,15.4000,-1,ch0/00462.png
463,15.4333,-1,ch0/00463.png
464,15.4667,-1,ch0/00464.png
465,15.5000,-1,ch0/00465.png
466,15.5333,-1,ch0/00466.png
467,15.5667,-1,ch0/00467.png
468,15.6000,-1,ch0/00468.png
469,15.6333,-1,ch0/00469.png
470,15.6667,-1,ch0/00470.png
471,15.7000,-1,ch0/00471.png
472,15.7333,-1,ch0/00472.png
473,15.7667,-1,ch0/00473.png
474,15.8000,-1,ch0/00474.png
475,15.8333,-1,ch0/00475.png
476,15.8667,-1,ch0/00476.png
477,15.9000,-1,ch0/00477.png
478,15.9333,-1,ch0/00478.png
479,15.9667,-1,ch0/00479.png
480,16.0000,-1,ch0/00480.png
481,16.0333,-1,ch0/00481.png
482,16.0667,-1,ch0/00482.png
483,16.1000,-1,ch0/00483.png
484,16.1333,-1,ch0/00484.png
485,16.1667,-1,ch0/00485.png
486,16.2000,-1,ch0/00486.png
487,16.2333,-1,ch0/00487.png
488,16.2667,-1,ch0/00488.png
489,16.3000,-1,ch0/00489.png
490,16.3333,-1,ch0/00490.png
491,16.3667,-1,ch0/00491.png
492,16.4000,-1,ch0/00492.png
493,16.4333,-1,ch0/00493.png
494,16.4667,-1,ch0/00494.png
495,16.5000,-1,ch0/00495.png
496,16.5333,-1,ch0/00496.png
497,16.5667,-1,ch0/00497.png
498,16.6000,-1,ch0/00498.png
499,16.6333,-1,ch0/00499.png
500,16.6667,-1,ch0/00500.png
501,16.7000,-1,ch0/00501.png
502,16.7333,-1,ch0/00502.png
503,16.7667,-1,ch0/00503.png
504,16.8000,-1,ch0/00504.png
505,16.8333,-1,ch0/00505.png
506,16.8667,-1,ch0/00506.png
507,16.9000,-1,ch0/00507.png
508,16.9333,-1,ch0/00508.png
509,16.9667,-1,ch0/00509.png
510,17.0000,-1,ch0/00510.png
511,17.0333,-1,ch0/00511.png
512,17.0667,-1,ch0/00512.png
513,17.1000,-1,ch0/00513.png
514,17.1333,-1,ch0/00514.png
515,17.1667,-1,ch0/00515.png
516,17.2000,-1,ch0/00516.png
517,17.2333,-1,ch0/00517.png
518,17.2667,-1,ch0/00518.png
519,17.3000,-1,ch0/00519.png
520,17.3333,-1,ch0/00520.png
521,17.3667,-1,ch0/00521.png
522,17.4000,-1,ch0/00522.png
523,17.4333,-1,ch0/00523.png
524,17.4667,-1,ch0/00524.png
525,17.5000,-1,ch0/00525.png
526,17.5333,-1,ch0/00526.png
527,17.5667,-1,ch0/00527.png
528,17.6000,-1,ch0/00528.png
529,17.6333,-1,ch0/00529.png
530,17.6667,-1,ch0/00530.png
531,17.7000,-1,ch0/00531.png
532,17.7333,-1,ch0/00532.png
533,17.7667,-1,ch0/00533.png
534,17.8000,-1,ch0/00534.png
535,17.8333,-1,ch0/00535.png
536,17.8667,-1,ch0/00536.png
537,17.9000,-1,ch0/00537.png
538,17.9333,-1,ch0/00538.png
539,17.9667,-1,ch0/00539.png
540,18.0000,-1,ch0/00540.png
541,18.0333,-1,ch0/00541.png
542,18.0667,-1,ch0/00542.png
543,18.1000,-1,ch0/00543.png
544,18.1333,-1,ch0/00544.png
545,18.1667,-1,ch0/00545.png
546,18.2000,-1,ch0/00546.png
547,18.2333,-1,ch0/00547.png
548,18.2667,-1,ch0/00548.png
549,18.3000,-1,ch0/00549.png
550,18.3333,-1,ch0/00550.png
551,18.3667,-1,ch0/00551.png
552,18.4000,-1,ch0/00552.png
553,18.4333,-1,ch0/00553.png
554,18.4667,-1,ch0/00554.png
555,18.5000,-1,ch0/00555.png
556,18.5333,-1,ch0/00556.png
557,18.5667,-1,ch0/00557.png
558,18.6000,-1,ch0/00558.png
559,18.6333,-1,ch0/00559.png
560,18.6667,-1,ch0/00560.png
561,18.7000,-1,ch0/00561.png
562,18.7333,-1,ch0/00562.png
563,18.7667,-1,ch0/00563.png
564,18.8000,-1,ch0/00564.png
565,18.8333,-1,ch0/00565.png
566,18.8667,-1,ch0/00566.png
567,18.9000,-1,ch0/00567.png
568,18.9333,-1,ch0/00568.png
569,18.9667,-1,ch0/00569.png
570,19.0000,-1,ch0/00570.png
571,19.0333,-1,ch0/00571.png
572,19.0667,-1,ch0/00572.png
573,19.1000,-1,ch0/00573.png
574,19.1333,-1,ch0/00574.png
575,19.1667,-1,ch0/00575.png
576,19.2000,-1,ch0/00576.png
577,19.2333,-1,ch0/00577.png
578,19.2667,-1,ch0/00578.png
579,19.3000,-1,ch0/00579.png
580,19.3333,-1,ch0/00580.png
581,19.3667,-1,ch0/00581.png
582,19.4000,-1,ch0/00582.png
583,19.4333,-1,ch0/00583.png
584,19.4667,-1,ch0/00584.png
585,19.5000,-1,ch0/00585.png
586,19.5333,-1,ch0/00586.png
587,19.5667,-1,ch0/00587.png
588,19.6000,-1,ch0/00588.png
589,19.6333,-1,ch0/00589.png
590,19.6667,-1,ch0/00590.png
591,19.7000,-1,ch0/00591.png
592,19.7333,-1,ch0/00592.png
593,19.7667,-1,ch0/00593.png
594,19.8000,-1,ch0/00594.png
595,19.8333,-1,ch0/00595.png
596,19.8667,-1,ch0/00596.png
597,19.9000,-1,ch0/00597.png
598,19.9333,-1,ch0/00598.png
599,19.9667,-1,ch0/00599.png
600,20.0000,-1,ch0/00600.png
601,20.0333,1,ch0/00601.png
602,20.0667,1,ch0/00602.png
603,20.1000,1,ch0/00603.png
604,20.1333,1,ch0/00604.png
605,20.1667,1,ch0/00605.png
606,20.2000,1,ch0/00606.png
607,20.2333,1,ch0/00607.png
608,20.2667,1,ch0/00608.png
609,20.3000,1,ch0/00609.png
610,20.3333,1,ch0/00610.png
611,20.3667,1,ch0/00611.png
612,20.4000,1,ch0/00612.png
613,20.4333,1,ch0/00613.png
614,20.4667,1,ch0/00614.png
615,20.5000,1,ch0/00615.png
616,20.5333,1,ch0/00616.png
617,20.5667,1,ch0/00617.png
618,20.6000,1,ch0/00618.png
619,20.6333,1,ch0/00619.png
620,20.6667,1,ch0/00620.png
621,20.7000,1,ch0/00621.png
622,20.7333,1,ch0/00622.png
623,20.7667,1,ch0/00623.png
624,20.8000,1,ch0/00624.png
625,20.8333,1,ch0/00625.png
626,20.8667,1,ch0/00626.png
627,20.9000,1,ch0/00627.png
628,20.9333,1,ch0/00628.png
629,20.9667,1,ch0/00629.png
630,21.0000,1,ch0/00630.png
631,21.0333,1,ch0/00631.png
632,21.0667,1,ch0/00632.png
633,21.1000,1,ch0/00633.png
634,21.1333,1,ch0/00634.png
635,21.1667,1,ch0/00635.png
636,21.2000,1,ch0/00636.png
637,21.2333,1,ch0/00637.png
638,21.2667,1,ch0/00638.png
639,21.3000,1,ch0/00639.png
640,21.3333,1,ch0/00640.png
641,21.3667,1,ch0/00641.png
642,21.4000,1,ch0/00642.png
643,21.4333,1,ch0/00643.png
644,21.4667,1,ch0/00644.png
645,21.5000,1,ch0/00645.png
646,21.5333,1,ch0/00646.png
647,21.5667,1,ch0/00647.png
648,21.6000,1,ch0/00648.png
649,21.6333,1,ch0/00649.png
650,21.6667,1,ch0/00650.png
651,21.7000,1,ch0/00651.png
652,21.7333,1,ch0/00652.png
653,21.7667,1,ch0/00653.png
654,21.8000,1,ch0/00654.png
655,21.8333,1,ch0/00655.png
656,21.8667,1,ch0/00656.png
657,21.9000,1,ch0/00657.png
658,21.9333,1,ch0/00658.png
659,21.9667,1,ch0/00659.png
660,22.0000,1,ch0/00660.png
661,22.0333,1,ch0/00661.png
662,22.0667,1,ch0/00662.png
663,22.1000,1,ch0/00663.png
664,22.1333,1,ch0/00664.png
665,22.1667,1,ch0/00665.png
666,22.2000,1,ch0/00666.png
667,22.2333,1,ch0/00667.png
668,22.2667,1,ch0/00668.png
669,22.3000,1,ch0/00669.png
670,22.3333,1,ch0/00670.png
671,22.3667,1,ch0/00671.png
672,22.4000,1,ch0/00672.png
673,22.4333,1,ch0/00673.png
674,22.4667,1,ch0/00674.png
675,22.5000,1,ch0/00675.png
676,22.5333,1,ch0/00676.png
677,22.5667,1,ch0/00677.png
678,22.6000,1,ch0/00678.png
679,22.6333,1,ch0/00679.png
680,22.6667,1,ch0/00680.png
681,22.7000,1,ch0/00681.png
682,22.7333,1,ch0/00682.png
683,22.7667,1,ch0/00683.png
684,22.8000,1,ch0/00684.png
685,22.8333,1,ch0/00685.png
686,22.8667,1,ch0/00686.png
687,22.9000,1,ch0/00687.png
688,22.9333,1,ch0/00688.png
689,22.9667,1,ch0/00689.png
690,23.0000,1,ch0/00690.png
691,23.0333,1,ch0/00691.png
692,23.0667,1,ch0/00692.png
693,23.1000,1,ch0/00693.png
694,23.1333,1,ch0/00694.png
695,23.1667,1,ch0/00695.png
696,23.2000,1,ch0/00696.png
697,23.2333,1,ch0/00697.png
698,23.2667,1,ch0/00698.png
699,23.3000,1,ch0/00699.png
700,23.3333,1,ch0/00700.png
701,23.3667,1,ch0/00701.png
702,23.4000,1,ch0/00702.png
703,23.4333,1,ch0/00703.png
704,23.4667,1,ch0/00704.png
705,23.5000,1,ch0/00705.png
706,23.5333,1,ch0/00706.png
707,23.5667,1,ch0/00707.png
708,23.6000,1,ch0/00708.png
709,23.6333,1,ch0/00709.png
710,23.6667,1,ch0/00710.png
711,23.7000,1,ch0/00711.png
712,23.7333,1,ch0/00712.png
713,23.7667,1,ch0/00713.png
714,23.8000,1,ch0/00714.png
715,23.8333,1,ch0/00715.png
716,23.8667,1,ch0/00716.png
717,23.9000,1,ch0/00717.png
718,23.9333,1,ch0/00718.png
719,23.9667,1,ch0/00719.png
720,24.0000,1,ch0/00720.png
721,24.0333,1,ch0/00721.png
722,24.0667,1,ch0/00722.png
723,24.1000,1,ch0/00723.png
724,24.1333,1,ch0/00724.png
725,24.1667,1,ch0/00725.png
726,24.2000,1,ch0/00726.png
727,24.2333,1,ch0/00727.png
728,24.2667,1,ch0/00728.png
729,24.3000,1,ch0/00729.png
730,24.3333,1,ch0/00730.png
731,24.3667,1,ch0/00731.png
732,24.4000,1,ch0/00732.png
733,24.4333,1,ch0/00733.png
734,24.4667,1,ch0/00734.png
735,24.5000,1,ch0/00735.png
736,24.5333,1,ch0/00736.png
737,24.5667,1,ch0/00737.png
738,24.6000,1,ch0/00738.png
739,24.6333,1,ch0/00739.png
740,24.6667,1,ch0/00740.png
741,24.7000,1,ch0/00741.png
742,24.7333,1,ch0/00742.png
743,24.7667,1,ch0/00743.png
744,24.8000,1,ch0/00744.png
745,24.8333,1,ch0/00745.png
746,24.8667,1,ch0/00746.png
747,24.9000,1,ch0/00747.png
748,24.9333,1,ch0/00748.png
749,24.9667,1,ch0/00749.png
750,25.0000,1,ch0/00750.png
751,25.0333,1,ch0/00751.png
752,25.0667,1,ch0/00752.png
753,25.1000,1,ch0/00753.png
754,25.1333,1,ch0/00754.png
755,25.1667,1,ch0/00755.png
756,25.2000,1,ch0/00756.png
757,25.2333,1,ch0/00757.png
758,25.2667,1,ch0/00758.png
759,25.3000,1,ch0/00759.png
760,25.3333,1,ch0/00760.png
761,25.3667,1,ch0/00761.png
762,25.4000,1,ch0/00762.png
763,25.4333,1,ch0/00763.png
764,25.4667,1,ch0/00764.png
765,25.5000,1,ch0/00765.png
766,25.5333,1,ch0/00766.png
767,25.5667,1,ch0/00767.png
768,25.6000,1,ch0/00768.png
769,25.6333,1,ch0/00769.png
770,25.6667,1,ch0/00770.png
771,25.7000,1,ch0/00771.png
772,25.7333,1,ch0/00772.png
773,25.7667,1,ch0/00773.png
774,25.8000,1,ch0/00774.png
775,25.8333,1,ch0/00775.png
776,25.8667,1,ch0/00776.png
777,25.9000,1,ch0/00777.png
778,25.9333,1,ch0/00778.png
779,25.9667,1,ch0/00779.png
780,26.0000,1,ch0/00780.png
781,26.0333,1,ch0/00781.png
782,26.0667,1,ch0/00782.png
783,26.1000,1,ch0/00783.png
784,26.1333,1,ch0/00784.png
785,26.1667,1,ch0/00785.png
786,26.2000,1,ch0/00786.png
787,26.2333,1,ch0/00787.png
788,26.2667,1,ch0/00788.png
789,26.3000,1,ch0/00789.png
790,26.3333,1,ch0/00790.png
791,26.3667,1,ch0/00791.png
792,26.4000,1,ch0/00792.png
793,26.4333,1,ch0/00793.png
794,26.4667,1,ch0/00794.png
795,26.5000,1,ch0/00795.png
796,26.5333,1,ch0/00796.png
797,26.5667,1,ch0/00797.png
798,26.6000,1,ch0/00798.png
799,26.6333,1,ch0/00799.png
800,26.6667,1,ch0/00800.png
801,26.7000,1,ch0/00801.png
802,26.7333,1,ch0/00802.png
803,26.7667,1,ch0/00803.png
804,26.8000,1,ch0/00804.png
805,26.8333,1,ch0/00805.png
806,26.8667,1,ch0/00806.png
807,26.9000,1,ch0/00807.png
808,26.9333,1,ch0/00808.png
809,26.9667,1,ch0/00809.png
810,27.0000,1,ch0/00810.png
811,27.0333,1,ch0/00811.png
812,27.0667,1,ch0/00812.png
813,27.1000,1,ch0/00813.png
814,27.1333,1,ch0/00814.png
815,27.1667,1,ch0/00815.png
816,27.2000,1,ch0/00816.png
817,27.2333,1,ch0/00817.png
818,27.2667,1,ch0/00818.png
819,27.3000,1,ch0/00819.png
820,27.3333,1,ch0/00820.png
821,27.3667,1,ch0/00821.png
822,27.4000,1,ch0/00822.png
823,27.4333,1,ch0/00823.png
824,27.4667,1,ch0/00824.png
825,27.5000,1,ch0/00825.png
826,27.5333,1,ch0/00826.png
827,27.5667,1,ch0/00827.png
828,27.6000,1,ch0/00828.png
829,27.6333,1,ch0/00829.png
830,27.6667,1,ch0/00830.png
831,27.7000,1,ch0/00831.png
832,27.7333,1,ch0/00832.png
833,27.7667,1,ch0/00833.png
834,27.8000,1,ch0/00834.png
835,27.8333,1,ch0/00835.png
836,27.8667,1,ch0/00836.png
837,27.9000,1,ch0/00837.png
838,27.9333,1,ch0/00838.png
839,27.9667,1,ch0/00839.png
840,28.0000,1,ch0/00840.png
841,28.0333,1,ch0/00841.png
842,28.0667,1,ch0/00842.png
843,28.1000,1,ch0/00843.png
844,28.1333,1,ch0/00844.png
845,28.1667,1,ch0/00845.png
846,28.2000,1,ch0/00846.png
847,28.2333,1,ch0/00847.png
848,28.2667,1,ch0/00848.png
849,28.3000,1,ch0/00849.png
850,28.3333,1,ch0/00850.png
851,28.3667,1,ch0/00851.png
852,28.4000,1,ch0/00852.png
853,28.4333,1,ch0/00853.png
854,28.4667,1,ch0/00854.png
855,28.5000,1,ch0/00855.png
856,28.5333,1,ch0/00856.png
857,28.5667,1,ch0/00857.png
858,28.6000,1,ch0/00858.png
859,28.6333,1,ch0/00859.png
860,28.6667,1,ch0/00860.png
861,28.7000,1,ch0/00861.png
862,28.7333,1,ch0/00862.png
863,28.7667,1,ch0/00863.png
864,28.8000,1,ch0/00864.png
865,28.8333,1,ch0/00865.png
866,28.8667,1,ch0/00866.png
867,28.9000,1,ch0/00867.png
868,28.9333,1,ch0/00868.png
869,28.9667,1,ch0/00869.png
870,29.0000,1,ch0/00870.png
871,29.0333,1,ch0/00871.png
872,29.0667,1,ch0/00872.png
873,29.1000,1,ch0/00873.png
874,29.1333,1,ch0/00874.png
875,29.1667,1,ch0/00875.png
876,29.2000,1,ch0/00876.png
877,29.2333,1,ch0/00877.png
878,29.2667,1,ch0/00878.png
879,29.3000,1,ch0/00879.png
880,29.3333,1,ch0/00880.png
881,29.3667,1,ch0/00881.png
882,29.4000,1,ch0/00882.png
883,29.4333,1,ch0/00883.png
884,29.4667,1,ch0/00884.png
885,29.5000,1,ch0/00885.png
886,29.5333,1,ch0/00886.png
887,29.5667,1,ch0/00887.png
888,29.6000,1,ch0/00888.png
889,29.6333,1,ch0/00889.png
890,29.6667,1,ch0/00890.png
891,29.7000,1,ch0/00891.png
892,29.7333,1,ch0/00892.png
893,29.7667,1,ch0/00893.png
894,29.8000,1,ch0/00894.png
895,29.8333,1,ch0/00895.png
896,29.8667,1,ch0/00896.png
897,29.9000,1,ch0/00897.png
898,29.9333,1,ch0/00898.png
899,29.9667,1,ch0/00899.png
900,30.0000,1,ch0/00900.png
901,30.0333,1,ch0/00901.png
902,30.0667,1,ch0/00902.png
903,30.1000,1,ch0/00903.png
904,30.1333,1,ch0/00904.png
905,30.1667,1,ch0/00905.png
906,30.2000,1,ch0/00906.png
907,30.2333,1,ch0/00907.png
908,30.2667,1,ch0/00908.png
909,30.3000,1,ch0/00909.png
910,30.3333,1,ch0/00910.png
911,30.3667,1,ch0/00911.png
912,30.4000,1,ch0/00912.png
913,30.4333,1,ch0/00913.png
914,30.4667,1,ch0/00914.png
915,30.5000,1,ch0/00915.png
916,30.5333,1,ch0/00916.png
917,30.5667,1,ch0/00917.png
918,30.6000,1,ch0/00918.png
919,30.6333,1,ch0/00919.png
920,30.6667,1,ch0/00920.png
921,30.7000,1,ch0/00921.png
922,30.7333,1,ch0/00922.png
923,30.7667,1,ch0/00923.png
924,30.8000,1,ch0/00924.png
925,30.8333,1,ch0/00925.png
926,30.8667,1,ch0/00926.png
927,30.9000,1,ch0/00927.png
928,30.9333,1,ch0/00928.png
929,30.9667,1,ch0/00929.png
930,31.0000,1,ch0/00930.png
931,31.0333,1,ch0/00931.png
932,31.0667,1,ch0/00932.png
933,31.1000,1,ch0/00933.png
934,31.1333,1,ch0/00934.png
935,31.1667,1,ch0/00935.png
936,31.2000,1,ch0/00936.png
937,31.2333,1,ch0/00937.png
938,31.2667,1,ch0/00938.png
939,31.3000,1,ch0/00939.png
940,31.3333,1,ch0/00940.png
941,31.3667,1,ch0/00941.png
942,31.4000,1,ch0/00942.png
943,31.4333,1,ch0/00943.png
944,31.4667,1,ch0/00944.png
945,31.5000,1,ch0/00945.png
946,31.5333,1,ch0/00946.png
947,31.5667,1,ch0/00947.png
948,31.6000,1,ch0/00948.png
949,31.6333,1,ch0/00949.png
950,31.6667,1,ch0/00950.png
951,31.7000,1,ch0/00951.png
952,31.7333,1,ch0/00952.png
953,31.7667,1,ch0/00953.png
954,31.8000,1,ch0/00954.png
955,31.8333,1,ch0/00955.png
956,31.8667,1,ch0/00956.png
957,31.9000,1,ch0/00957.png
958,31.9333,1,ch0/00958.png
959,31.9667,1,ch0/00959.png
960,32.0000,1,ch0/00960.png
961,32.0333,1,ch0/00961.png
962,32.0667,1,ch0/00962.png
963,32.1000,1,ch0/00963.png
964,32.1333,1,ch0/00964.png
965,32.1667,1,ch0/00965.png
966,32.2000,1,ch0/00966.png
967,32.2333,1,ch0/00967.png
968,32.2667,1,ch0/00968.png
969,32.3000,1,ch0/00969.png
970,32.3333,1,ch0/00970.png
971,32.3667,1,ch0/00971.png
972,32.4000,1,ch0/00972.png
973,32.4333,1,ch0/00973.png
974,32.4667,1,ch0/00974.png
975,32.5000,1,ch0/00975.png
976,32.5333,1,ch0/00976.png
977,32.5667,1,ch0/00977.png
978,32.6000,1,ch0/00978.png
979,32.6333,1,ch0/00979.png
980,32.6667,1,ch0/00980.png
981,32.7000,1,ch0/00981.png
982,32.7333,1,ch0/00982.png
983,32.7667,1,ch0/00983.png
984,32.8000,1,ch0/00984.png
985,32.8333,1,ch0/00985.png
986,32.8667,1,ch0/00986.png
987,32.9000,1,ch0/00987.png
988,32.9333,1,ch0/00988.png
989,32.9667,1,ch0/00989.png
990,33.0000,1,ch0/00990.png
991,33.0333,1,ch0/00991.png
992,33.0667,1,ch0/00992.png
993,33.1000,1,ch0/00993.png
994,33.1333,1,ch0/00994.png
995,33.1667,1,ch0/00995.png
996,33.2000,1,ch0/00996.png
997,33.2333,1,ch0/00997.png
998,33.2667,1,ch0/00998.png
999,33.3000,1,ch0/00999.png
1000,33.3333,1,ch0/01000.png
1001,33.3667,1,ch0/01001.png
1002,33.4000,1,ch0/01002.png
1003,33.4333,1,ch0/01003.png
1004,33.4667,1,ch0/01004.png
1005,33.5000,1,ch0/01005.png
1006,33.5333,1,ch0/01006.png
1007,33.5667,1,ch0/01007.png
1008,33.6000,1,ch0/01008.png
1009,33.6333,1,ch0/01009.png
1010,33.6667,1,ch0/01010.png
1011,33.7000,1,ch0/01011.png
1012,33.7333,1,ch0/01012.png
1013,33.7667,1,ch0/01013.png
1014,33.8000,1,ch0/01014.png
1015,33.8333,1,ch0/01015.png
1016,33.8667,1,ch0/01016.png
1017,33.9000,1,ch0/01017.png
1018,33.9333,1,ch0/01018.png
1019,33.9667,1,ch0/01019.png
1020,34.0000,1,ch0/01020.png
1021,34.0333,1,ch0/01021.png
1022,34.0667,1,ch0/01022.png
1023,34.1000,1,ch0/01023.png
1024,34.1333,1,ch0/01024.png
1025,34.1667,1,ch0/01025.png
1026,34.2000,1,ch0/01026.png
1027,34.2333,1,ch0/01027.png
1028,34.2667,1,ch0/01028.png
1029,34.3000,1,ch0/01029.png
1030,34.3333,1,ch0/01030.png
1031,34.3667,1,ch0/01031.png
1032,34.4000,1,ch0/01032.png
1033,34.4333,1,ch0/01033.png
1034,34.4667,1,ch0/01034.png
1035,34.5000,1,ch0/01035.png
1036,34.5333,1,ch0/01036.png
1037,34.5667,1,ch0/01037.png
1038,34.6000,1,ch0/01038.png
1039,34.6333,1,ch0/01039.png
1040,34.6667,1,ch0/01040.png
1041,34.7000,1,ch0/01041.png
1042,34.7333,1,ch0/01042.png
1043,34.7667,1,ch0/01043.png
1044,34.8000,1,ch0/01044.png
1045,34.8333,1,ch0/01045.png
1046,34.8667,1,ch0/01046.png
1047,34.9000,1,ch0/01047.png
1048,34.9333,1,ch0/01048.png
1049,34.9667,1,ch0/01049.png
1050,35.0000,1,ch0/01050.png
1051,35.0333,1,ch0/01051.png
1052,35.0667,1,ch0/01052.png
1053,35.1000,1,ch0/01053.png
1054,35.1333,1,ch0/01054.png
1055,35.1667,1,ch0/01055.png
1056,35.2000,1,ch0/01056.png
1057,35.2333,1,ch0/01057.png
1058,35.2667,1,ch0/01058.png
1059,35.3000,1,ch0/01059.png
1060,35.3333,1,ch0/01060.png
1061,35.3667,1,ch0/01061.png
1062,35.4000,1,ch0/01062.png
1063,35.4333,1,ch0/01063.png
1064,35.4667,1,ch0/01064.png
1065,35.5000,1,ch0/01065.png
1066,35.5333,1,ch0/01066.png
1067,35.5667,1,ch0/01067.png
1068,35.6000,1,ch0/01068.png
1069,35.6333,1,ch0/01069.png
1070,35.6667,1,ch0/01070.png
1071,35.7000,1,ch0/01071.png
1072,35.7333,1,ch0/01072.png
1073,35.7667,1,ch0/01073.png
1074,35.8000,1,ch0/01074.png
1075,35.8333,1,ch0/01075.png
1076,35.8667,1,ch0/01076.png
1077,35.9000,1,ch0/01077.png
1078,35.9333,1,ch0/01078.png
1079,35.9667,1,ch0/01079.png
1080,36.0000,1,ch0/01080.png
1081,36.0333,1,ch0/01081.png
1082,36.0667,1,ch0/01082.png
1083,36.1000,1,ch0/01083.png
1084,36.1333,1,ch0/01084.png
1085,36.1667,1,ch0/01085.png
1086,36.2000,1,ch0/01086.png
1087,36.2333,1,ch0/01087.png
1088,36.2667,1,ch0/01088.png
1089,36.3000,1,ch0/01089.png
1090,36.3333,1,ch0/01090.png
1091,36.3667,1,ch0/01091.png
1092,36.4000,1,ch0/01092.png
1093,36.4333,1,ch0/01093.png
1094,36.4667,1,ch0/01094.png
1095,36.5000,1,ch0/01095.png
1096,36.5333,1,ch0/01096.png
1097,36.5667,1,ch0/01097.png
1098,36.6000,1,ch0/01098.png
1099,36.6333,1,ch0/01099.png
1100,36.6667,1,ch0/01100.png
1101,36.7000,1,ch0/01101.png
1102,36.7333,1,ch0/01102.png
1103,36.7667,1,ch0/01103.png
1104,36.8000,1,ch0/01104.png
1105,36.8333,1,ch0/01105.png
1106,36.8667,1,ch0/01106.png
1107,36.9000,1,ch0/01107.png
1108,36.9333,1,ch0/01108.png
1109,36.9667,1,ch0/01109.png
1110,37.0000,1,ch0/01110.png
1111,37.0333,1,ch0/01111.png
1112,37.0667,1,ch0/01112.png
1113,37.1000,1,ch0/01113.png
1114,37.1333,1,ch0/01114.png
